id,priority,category,provider,sensor_product,nepal_candidate,epoch_role,resolution,height_method,geometry,product_needed,what_exists,visited_status,provided_to_project,usefulness,verdict,principal_blocker,access_tier,account_required,signup_requirements,verification_mfa,eligibility_approval,contract_licence_payment,api_authentication,delivery,current_account_status,current_entitlement,next_action,source_url,access_url,auth_docs_url,confidence,verified_date,notes
OPT-01,P0,Optical stereo — commercial,Vantor,WorldView-3 original Basic/System-Ready,Exact pair B040001100881410 + B040001100881710; 27 Aug; 81.799 s; ~48.251° separation,Post,~0.3–0.4 m,Same-sensor optical stereo / RPC triangulation,Required original RPC/physical model; public copy lacks it,Original images plus RPC/RPB/IMD/attitude/ephemeris package,Public orthos prove overlap and dense correspondence,Public event and commercial route researched; exact public data processed,Strict 32 m and experimental 10 m relative residual products,Very high,Best evidenced post-event DSM acquisition request,Original camera-bearing products are commercial/partner gated,Commercial / partner-gated,Yes — Vantor customer/partner account,"Organisation, named users, work email, use case, AOI/time/product specification","Provider onboarding, email and possible enterprise SSO/MFA",Sales/partner approval and product entitlement,"Quote, order/contract and Vantor imagery licence",Portal/API credentials issued under contract,"Secure portal, API, S3/HTTPS or managed delivery",Open Data requires none; no commercial Vantor account,Public COG only; no original products,Request exact original pair from Vantor and Charter partners with camera files,https://vantor.com/company/open-data-program,https://vantor.com/contact,,High,2026-08-30,
OPT-02,P1,Optical residual — open,Vantor Open Data,WorldView-3 RGB orthos,Exact public pair B040001100881410 + B040001100881710,Post,~0.3–0.4 m source; 1 m analysis grid,Relative post-event ortho-parallax residual only,Constant scene look metadata; no RPC,Already obtained public COGs,13 public scenes; strongest pair fully processed,"Visited, downloaded, checksummed and processed",Current RESEARCH_ONLY viewer residual,High for residual; insufficient for true DSM,Promoted only as relative residual,Unknown camera and orthorectification reference DEM,Open / no authentication,No,None,None,Public,Dataset licence/attribution still applies; no account or purchase,Unsigned HTTPS/S3/STAC where offered,"Direct HTTPS, public S3, STAC or portal download",No account required,Full public COG access,Retain as evidence; do not relabel as true change,https://vantor.com/company/open-data-program,https://vantor-opendata.s3.amazonaws.com/events/Nepal-Flooding-Aug-2026/,,High,2026-08-30,
OPT-03,P3,Optical residual — rejected,Vantor Open Data,Additional WorldView-3 pair,B040001100881410 + B040001100882F10; 43.899 s; ~33.934°,Post,32 m output,Relative ortho-parallax residual,No RPC,Public COGs obtained,7.893 km² raw support; stable NMAD 6.613 m,Downloaded and fully processed,Rejected diagnostic JSON only,Low,Rejected by fixed 6.0 m gate,Stable error too high and camera models absent,Open / no authentication,No,None,None,Public,Dataset licence/attribution still applies; no account or purchase,Unsigned HTTPS/S3/STAC where offered,"Direct HTTPS, public S3, STAC or portal download",No account required,Public,No mosaic inclusion; retry only with originals,https://vantor-opendata.s3.amazonaws.com/events/Nepal-Flooding-Aug-2026/,,,High,2026-08-30,
OPT-04,P3,Optical residual — rejected,Vantor Open Data,WorldView-2 + WorldView Legion,B030001100CF1310 + B110001101165110; 910.422 s; ~33.741°,Post,32 m output,Relative ortho-parallax residual,No RPC,Public COGs obtained,3.069 km² raw support; stable NMAD 6.289 m,Downloaded and fully processed,Rejected diagnostic JSON only,Low,Rejected by fixed 6.0 m gate,Stable error too high and camera models absent,Open / no authentication,No,None,None,Public,Dataset licence/attribution still applies; no account or purchase,Unsigned HTTPS/S3/STAC where offered,"Direct HTTPS, public S3, STAC or portal download",No account required,Public,No mosaic inclusion; originals only if separately justified,https://vantor-opendata.s3.amazonaws.com/events/Nepal-Flooding-Aug-2026/,,,High,2026-08-30,
OPT-05,P0,Optical stereo — commercial,Airbus,Pléiades Neo 3 + Pléiades-1B Primary/DIMAP,Reported 28 Aug near-simultaneous Timure–Syabrubesi acquisitions,Post,0.3 m + 0.5 m,Optical stereo / exact linescan or RPC,Primary DIMAP DIM*.XML and RPC*.XML expected,Both exact Primary packages,Charter processed impact map; raw geometry not public,Charter inventory and NASA ASP product support researched,Candidate metadata only,Very high,Potentially best untested quality route,Exact look convergence and source packages unavailable,Commercial / OneAtlas contract,Yes — Airbus OneAtlas/customer account,"Organisation, work email, named users, AOI, dates, product level and intended use",Email/provider onboarding; enterprise MFA may apply,Contract/product entitlement or authorised programme access,"Quote/order, minimum area and Airbus EULA; research pricing must be requested",OneAtlas API client credentials/access token when enabled,"OneAtlas portal/API, secure download or cloud delivery",No Airbus commercial account,No Primary product access,Request both exact Primary/DIMAP acquisitions through Airbus and Charter,https://download.disasterscharter.org/activations/flood-in-nepal-activation-1052-,https://space-solutions.airbus.com/,https://stereopipeline.readthedocs.io/en/stable/examples/pleiades.html,Medium,2026-08-30,
OPT-06,P1,Optical multiview — institution/commercial,Airbus / Vantor / Charter,Pléiades-1A + GeoEye-1 + Pléiades Neo 3,Reported 29 Aug three-satellite stack within ~20 minutes,Post,~0.3–0.5 m,Cross-sensor multiview triangulation,Requires Primary/Basic RPC or physical models for all selected views,Raw camera-bearing packages,Charter inventory lead only,Charter public inventory researched,No imagery acquired,High if geometry/clarity pass,Promising but unverified stack,"Restricted packages, exact footprints, clouds and convergence unknown",Institution/authorised-responder gated,No individual self-service route,"Access through authorised national disaster authority, Charter project manager or approved value-adding partner",Credentials issued to authorised organisations/users,Activation-specific operational role and licence,Normally no charge for activation response; strict use/redistribution controls,Restricted Charter/partner portal credentials,Restricted portal/FTP/partner transfer; processed public products may be open,No authorised-user status,Public processed products only,Ask DHM/NDRRMA/Charter PM for source-package inventory and metadata,https://download.disasterscharter.org/activations/flood-in-nepal-activation-1052-,,,Medium,2026-08-30,
OPT-07,P1,Optical stereo — commercial,Planet,SkySatScene Basic + PelicanScene Basic,20260827_020055_ssc1_u0001 + 20260827_060959_65_3009; 35.1% pilot overlap; ~30.25° published-look separation,Post,~0.5 m,Cross-sensor RPC stereo,Basic product RPCs confirmed by Planet documentation,SkySat Basic/All-Frames plus Pelican Basic and RPCs,Public orthos; public pilot produced only 4 RANSAC inliers,"Source Cooperative, Planet docs and authenticated account inspected",24-scene public catalogue and failed sparse pilot,Medium,Technically valid product route but exact pair unvalidated,"No product entitlement; cloud, temporal gap and cross-sensor matching",Commercial entitlement / contract,Yes — Planet account with product entitlement,"Name, organisation, work email, password and intended use; sales onboarding for imagery products",Email verification; organisation controls/MFA may apply,Product bundle must be enabled on the account/contract,Commercial or humanitarian/research agreement; quota/credits; licence restrictions,Planet API key or OAuth/service-account credentials,"Orders API/Explorer download, HTTPS or cloud delivery",Account created and email verified,Sandbox Data/APIs only; My Products shows no active products,Request humanitarian/research entitlement for exact Basic bundles,https://data.source.coop/planet/disasterdata/nepal-flash-flood-2026-08-26/,https://www.planet.com/contact-sales/,https://docs.planet.com/develop/apis/orders/product_bundles/,High,2026-08-30,
OPT-08,P2,Optical stereo — commercial,Planet,SkySat Basic L1A All-Frames,Underlying frames for 20260827_020055_ssc1_u0001,Post,Sub-metre PAN frames,Frame-level RPC/pinhole stereo or bundle adjustment,RPC text and JSON pinhole camera models documented,basic_l1a_dn all-frames archive,Capability documented; exact entitlement absent,Official user guide and support release researched,No product acquired,High if frame overlap survives clouds,Useful companion to Pelican or intra-collect frames,Contract entitlement and large multi-frame processing,Commercial entitlement / contract,Yes — Planet account with product entitlement,"Name, organisation, work email, password and intended use; sales onboarding for imagery products",Email verification; organisation controls/MFA may apply,Product bundle must be enabled on the account/contract,Commercial or humanitarian/research agreement; quota/credits; licence restrictions,Planet API key or OAuth/service-account credentials,"Orders API/Explorer download, HTTPS or cloud delivery",Planet account verified,No high-resolution products,Include all-frames and pinhole model in entitlement request,https://assets.planet.com/docs/Planet_Basic_L1A_All-Frames_User_Guide.pdf,,https://docs.planet.com/develop/apis/orders/product_bundles/,High,2026-08-30,
OPT-09,P3,Optical context,Planet,PlanetScope Basic/Ortho,Multiple pre/post disaster acquisitions,Both / context,~3–4 m,Temporal context; no useful opposing pair identified,"Basic RPC exists, but convergence is inadequate",Public orthos or entitled Basic,Public disaster orthos catalogued,Public catalogue queried,Temporal scene inventory,Low for DSM; medium for flood context,Context only,Resolution and viewing geometry,Commercial entitlement / contract,Yes — Planet account with product entitlement,"Name, organisation, work email, password and intended use; sales onboarding for imagery products",Email verification; organisation controls/MFA may apply,Product bundle must be enabled on the account/contract,Commercial or humanitarian/research agreement; quota/credits; licence restrictions,Planet API key or OAuth/service-account credentials,"Orders API/Explorer download, HTTPS or cloud delivery",Planet account verified,Public Source Cooperative orthos and sandbox only,Use only for flood/cloud timeline,https://data.source.coop/planet/disasterdata/nepal-flash-flood-2026-08-26/,,,High,2026-08-30,
OPT-10,P2,Optical stereo — commercial,Airbus,SPOT 6/7 Primary,No exact Nepal stereo acquisition confirmed,Pre or post,~1.5 m PAN,Optical stereo with DIMAP/RPC,Primary DIMAP camera support,Archive or tasking stereo pair,Product capability and CCM archive route,Official product/access page researched,No data acquired; source/access lead only,Medium,Archive-search candidate,Exact event coverage and access unknown,Commercial / OneAtlas contract,Yes — Airbus OneAtlas/customer account,"Organisation, work email, named users, AOI, dates, product level and intended use",Email/provider onboarding; enterprise MFA may apply,Contract/product entitlement or authorised programme access,"Quote/order, minimum area and Airbus EULA; research pricing must be requested",OneAtlas API client credentials/access token when enabled,"OneAtlas portal/API, secure download or cloud delivery",Not created / not required,Unknown or not applicable,Query OneAtlas/CCM for pre-26 Aug and post-event stereo coverage,https://space-solutions.airbus.com/imagery/spot/,https://space-solutions.airbus.com/oneatlas/,,Medium,2026-08-30,
OPT-11,P2,Optical stereo — commercial,Satellogic,NewSat L1C Ortho Ready,One 27 Aug ~04:22 Charter acquisition reported; Charter record is L1B MS,Post,0.7–1.0 m L1C,RPC orthorectification / cross-sensor stereo,L1C embeds and supplies text RPCs,Exact Nepal L1C anchor frames/RPCs,Product capability confirmed; no exact L1C obtained,Official processing-level docs and Charter lead researched,No imagery acquired,Medium,Auxiliary view only until partner found,Only one view and wrong public processing level,Commercial quote / sales provisioned,Usually yes after sales approval,"Organisation, contact, work email, AOI, date range, use case and product specification",Provider onboarding; login/MFA varies,"Commercial availability, export controls and feasibility review","Quote, order agreement, licence and payment",API token/client credentials if contracted; otherwise portal/email order,"Portal, API, FTP/SFTP, cloud bucket or custom delivery",No account created,None,Request exact L1C and metadata; match against camera-bearing WV3/Airbus,https://developers.satellogic.com/data/processing-levels/ortho-ready.html,https://satellogic.com/contact/,,High,2026-08-30,
OPT-12,P2,Optical archive — commercial,BlackSky,BlackSky high-resolution imagery,Multiple 27 Aug times reported; downstream CEMS grading used BlackSky + Satellogic,Post,Sub-metre to metre class,Archive multiview/cross-sensor candidate,Exact camera-support package not publicly established,Source imagery and sensor/RPC metadata,Processed-map and acquisition leads only,Public access/licence pages and disaster records researched,No imagery acquired,Medium,Authenticated archive check warranted,"Contract, exact footprints, clouds, geometry and licence",Commercial quote / sales provisioned,Usually yes after sales approval,"Organisation, contact, work email, AOI, date range, use case and product specification",Provider onboarding; login/MFA varies,"Commercial availability, export controls and feasibility review","Quote, order agreement, licence and payment",API token/client credentials if contracted; otherwise portal/email order,"Portal, API, FTP/SFTP, cloud bucket or custom delivery",No account,None,Ask BlackSky for Nepal archive metadata and camera-support product options,https://blacksky.com/product-services-usage-rights/,https://blacksky.com/contact/,,Medium,2026-08-30,
OPT-13,P2,Optical stereo — commercial,SI Imaging Services,KOMPSAT-3 / KOMPSAT-3A Stereo,No exact event pair queried,Pre or post,0.5 m / 0.4 m PAN,Optical stereo tasking/archive,Stereo mode and off-nadir filters available; camera package must be confirmed,Stereo archive/tasking order,10+ year archive and order platform documented,Official SpaceEye order/access pages researched,No data acquired,Medium-high,Strong paid archive-search expansion,"Account request, purchase and exact Nepal coverage",Commercial quote / sales provisioned,Usually yes after sales approval,"Organisation, contact, work email, AOI, date range, use case and product specification",Provider onboarding; login/MFA varies,"Commercial availability, export controls and feasibility review","Quote, order agreement, licence and payment",API token/client credentials if contracted; otherwise portal/email order,"Portal, API, FTP/SFTP, cloud bucket or custom delivery",No SpaceEye account,None,Request account; search 2026 pre/post archive with Stereo filter,https://www.si-imaging.com/page/33,https://www.si-imaging.com/page/34,,High,2026-08-30,
OPT-14,P3,Optical archive — commercial/CCM,21AT / TripleSat,TripleSat Constellation,No exact Nepal acquisition confirmed,Pre or post,~0.8–1 m PAN,Potential cross-track optical stereo,Camera-product availability must be requested,Archive metadata and source product,Mission appears in Copernicus CCM catalogue,CCM mission inventory researched,No data acquired,Medium-low,Long-tail archive lead,Distributor access and exact geometry unknown,Commercial quote / sales provisioned,Usually yes after sales approval,"Organisation, contact, work email, AOI, date range, use case and product specification",Provider onboarding; login/MFA varies,"Commercial availability, export controls and feasibility review","Quote, order agreement, licence and payment",API token/client credentials if contracted; otherwise portal/email order,"Portal, API, FTP/SFTP, cloud bucket or custom delivery",Not created / not required,Unknown or not applicable,Search CCM catalogue first; contact 21AT only if coverage exists,https://documentation.dataspace.copernicus.eu/Data/Others/CCM.html,,,Medium,2026-08-30,
OPT-15,P3,Optical archive — commercial/CCM,China Siwei / SuperView,SuperView-1,No exact Nepal acquisition confirmed,Pre or post,~0.5 m PAN,Potential stereo/multiview,Source/camera product must be confirmed,Archive or tasking stereo package,Mission is indexed by Copernicus CCM,CCM inventory researched,No data acquired,Medium-low,Long-tail archive lead,"Commercial distributor, export/licence and metadata",Commercial quote / sales provisioned,Usually yes after sales approval,"Organisation, contact, work email, AOI, date range, use case and product specification",Provider onboarding; login/MFA varies,"Commercial availability, export controls and feasibility review","Quote, order agreement, licence and payment",API token/client credentials if contracted; otherwise portal/email order,"Portal, API, FTP/SFTP, cloud bucket or custom delivery",Not created / not required,Unknown or not applicable,Use CCM search for footprint evidence before sales outreach,https://documentation.dataspace.copernicus.eu/Data/Others/CCM.html,,,Medium,2026-08-30,
OPT-16,P3,Optical archive — commercial,CGSTL,Jilin-1 high-resolution imagery,No exact Nepal acquisition confirmed,Pre or post,Sub-metre variants,Potential agile multiview,Product-level camera support unknown,Archive metadata plus camera-bearing product,Commercial constellation capability only,Provider/product lead identified,No data acquired,Medium-low,Long-tail sales enquiry,"Access, export, language, exact coverage and camera metadata",Commercial quote / sales provisioned,Usually yes after sales approval,"Organisation, contact, work email, AOI, date range, use case and product specification",Provider onboarding; login/MFA varies,"Commercial availability, export controls and feasibility review","Quote, order agreement, licence and payment",API token/client credentials if contracted; otherwise portal/email order,"Portal, API, FTP/SFTP, cloud bucket or custom delivery",Not created / not required,Unknown or not applicable,Only pursue after top-ranked providers fail,https://www.charmingglobe.com/,,,Low,2026-08-30,
OPT-17,P2,Optical post — government/commercial,ISRO / Bhoonidhi,Cartosat-3 / Cartosat-2S,"Post-event PAN and MS records reported; currently same-look spectral products, not stereo",Post,Sub-metre,Requires separately acquired fore/aft or stereo product,GEO Orthokit support depends on delivery,True stereo acquisition/source package,PAN/MS inventory; no post stereo pair demonstrated,Bhoonidhi pages and disaster inventory researched,No data acquired,Low for listed records,Current records are not stereo,Bhoonidhi registration and priced NGE sub-5 m access; no stereo acquisition,Free registration plus paid sub-5 m NGE products,Yes for download/order; browse may be public,"Name, user ID/password, country, user type, organisation, postal address, state/city/postcode, mobile, email",CAPTCHA; verifiable email/mobile; account activation delay may apply,GE declaration for free sub-5 m; NGE users can order priced sub-5 m data,Bhoonidhi EULA; >=5 m open after registration; <5 m priced for NGE,User ID/password exchanged for JWT access/refresh tokens,HTTPS/API/FTP/SFTP/cart order,Deferred — postal address/EULA/CAPTCHA required,Public browse only,Request product metadata before registration/order,https://bhoonidhi.nrsc.gov.in/bhoonidhi/home.html,,https://bhoonidhi.nrsc.gov.in/bhoonidhi-api/,High,2026-08-30,
OPT-18,P1,Historical optical stereo,ISRO / Sentinel Asia,Cartosat-1 PAN Fore/Aft,"Exact 18 May 2014 pair, same path/row, 52 s apart",Pre,~2.5 m,Designed fore/aft optical stereo,RPC-capable source expected; delivery contents require inspection,Both original Fore/Aft products and RPCs,Sentinel Asia confirms exact pair and downloads,Sentinel Asia page verified,Metadata only,High as old pre-event DSM; low temporal fidelity,Best confirmed historical high-resolution pre-stereo lead,12-year temporal gap and unverified camera files,Institution/member gated,Public products no; requester WebGIS yes,Membership or access through the emergency observation requester/ADRC/JAXA partner,Requester-specific credentials sent after activation,Sentinel Asia member or authorised emergency-response role,Activation terms; generally no fee for approved response use,Restricted WebGIS login where required,Public value-added downloads or requester-only WebGIS,No requester credentials,Public links may be available; contents not downloaded,Download/inspect package; test ASP and datum; quantify 12-year bias,https://sentinel-asia.org/EO/2026/article20260826NP.html,,,High,2026-08-30,
OPT-19,P2,Historical optical stereo,JAXA,ALOS PRISM triplet/stereo,Archive search not completed,Pre,2.5 m source,Nadir/forward/backward optical stereo,PRISM orientation metadata/product route varies,Exact pre-event PRISM stereo scenes,ALOS PRISM catalogue capability; AW3D derived DEMs,JAXA G-Portal and AW3D documentation researched,No PRISM scenes acquired,Medium-high if coverage exists,Historical pre-DSM archive target,G-Portal lists PRISM catalogue only; acquisition/order route unclear,JAXA account / catalogue; product access varies,Yes for ordering/download,JAXA G-Portal user registration and terms acceptance,Email/account verification,Dataset-specific; ALOS PRISM is catalogue-only in G-Portal and may require separate order route,Mission/product licence; fees or research restrictions may apply,G-Portal account/session or API credentials where offered,Portal/order/download,No G-Portal account,None,Register and query Nepal PRISM stereo coverage,https://gportal.jaxa.jp/gpr/user/regist1,,,Medium,2026-08-30,
OPT-20,P2,Historical optical stereo,NASA / ASTER,ASTER VNIR nadir/backward stereo and AST14DEM,Global archive; exact cloud-free pre-event scenes not yet queried,Pre,15 m imagery / ~30 m DEM products,Along-track optical stereo or on-demand DEM,ASTER sensor geometry in Level-1 products,Cloud-free L1A/L1B stereo or AST14DEM order,NASA on-demand DEM and stereo-capable archive,Official Earthdata ordering guide researched; ASP fixture validated separately,"ASP official test data only, not Nepal",Medium as independent pre baseline,Worth automated archive query,"Clouds, resolution and Earthdata account activation",Free Earthdata-gated,Yes — NASA Earthdata Login,"Username, password, name, email, country, affiliation, study area and user type",Email verification plus reCAPTCHA; optional MFA,Public once account is activated; some collections add EULAs,NASA/DAAC terms; no imagery fee,"Earthdata OAuth/URS session, .netrc, earthaccess or temporary S3 credentials","HTTPS, Earthdata Cloud S3, Earthdata Search or ASF Vertex",Earthdata registration blocked by reCAPTCHA,HTTP 401,"After activation, query ASTER Nepal archive and AST14DEM",https://www.earthdata.nasa.gov/s3fs-public/2025-04/ASTER_Earthdata_Search_Order_Instructions.pdf,https://search.earthdata.nasa.gov/,,High,2026-08-30,
OPT-21,P3,Historical optical stereo,USGS,KH-9 Hexagon mapping-camera imagery,Archive coverage not queried,Very old pre,~6–9 m mapping camera,Historical film stereo,Frame/camera metadata; specialist photogrammetry required,Overlapping scanned frames,Declassified archive searchable in EarthExplorer,Official USGS archive documentation researched,No data acquired,Low-medium historical geomorphology,"Long-term pre-event context, not operational baseline","Decades-old epoch, scan geometry and manual stereo workflow",Free USGS account,Yes for EarthExplorer downloads/orders,"USGS EROS user registration, email and profile details",Email/account verification,Public collections; some on-demand products have processing limits,Generally no charge; collection-specific terms,EROS/EarthExplorer credentials or machine-to-machine token where applicable,EarthExplorer HTTPS/bulk download/on-demand order,Not created / not required,Unknown or not applicable,Low-priority EarthExplorer footprint search,https://www.usgs.gov/centers/eros/science/usgs-eros-archive-declassified-data-declassified-satellite-imagery-3,https://earthexplorer.usgs.gov/,,High,2026-08-30,
OPT-22,P3,Historical optical stereo,USGS,CORONA / ARGON declassified imagery,Archive coverage not queried,Very old pre,Mission-dependent,Historical frame stereo,Film camera reconstruction required,Overlapping scans and camera/orbit metadata,Public EarthExplorer archive,Official USGS history/access pages researched,No data acquired,Low,Historical landscape context only,1960s–70s epoch and difficult camera reconstruction,Free USGS account,Yes for EarthExplorer downloads/orders,"USGS EROS user registration, email and profile details",Email/account verification,Public collections; some on-demand products have processing limits,Generally no charge; collection-specific terms,EROS/EarthExplorer credentials or machine-to-machine token where applicable,EarthExplorer HTTPS/bulk download/on-demand order,Not created / not required,Unknown or not applicable,No immediate action,https://pubs.usgs.gov/publication/cir1552/full,https://earthexplorer.usgs.gov/,,High,2026-08-30,
OPT-23,P3,Optical context,Copernicus,Sentinel-2 L2A,"61 exact-overlap products: 57 pre-cutoff, 4 post; all post highly cloudy",Both / context,10 m best bands,No practical high-resolution stereo,Near-nadir; insufficient convergence,Public L2A,Official catalogue fully queried,CDSE OData queried and normalized,61-scene context catalogue,Medium for flood/cloud context; none for DSM,Context only,Fundamental resolution/convergence,Open catalogue / free account for downloads,Catalogue no; Browser/download/API token yes,"Email, password, name/country and acceptance of CDSE terms",Email verification; optional 2FA,Public Sentinel/Copernicus collections,Free under collection terms,OIDC/OAuth access token; S3 credentials for object access,"Browser, OData, STAC, S3, Sentinel Hub or openEO",No account needed for catalogue,Public catalogue,Use for cloud/flood timeline only,https://documentation.dataspace.copernicus.eu/Data/SentinelMissions/Sentinel2.html,https://dataspace.copernicus.eu/,,High,2026-08-30,
OPT-24,P3,Optical context,USGS / AWS,Landsat 8/9,Global archive; exact event scenes not catalogued in this project,Both / context,15 m PAN / 30 m MS,No suitable detailed stereo,Near-nadir,L1/L2 scenes,Open global archive,Known official open source; not Nepal-queried,None,Low-medium context,Context only,"Resolution, cloud and geometry",Open / no authentication,No,None,None,Public,Dataset licence/attribution still applies; no account or purchase,Unsigned HTTPS/S3/STAC where offered,"Direct HTTPS, public S3, STAC or portal download",Not created / not required,Unknown or not applicable,Use only if temporal/cloud context is needed,https://www.usgs.gov/landsat-missions/landsat-data-access,https://earthexplorer.usgs.gov/,,High,2026-08-30,
OPT-25,P3,Visual context,Google,Google Earth historical imagery,July 2026 pre-event frame observed manually,Pre / visual,High visual detail; source varies,None — processed orthophoto,No camera/RPC exposed,Interactive historical frame,Visual history,Manually inspected,Pre-event visual confirmation only,Medium visual; none metric,Visual verification only,No camera model and extraction/redistribution restrictions,Public viewing / licensed platform,Optional Google account for some features,Google account if needed,Google account security,Viewing under Google terms,No bulk extraction rights; commercial APIs billed separately,Google account or API key for licensed APIs,Interactive viewing; no raw camera product delivery,Existing Google session available,Interactive viewing,"Use for qualitative interpretation, never photogrammetry",https://earth.google.com/,,,High,2026-08-30,
OPT-26,P3,Visual context,Esri,World Imagery Wayback,Historical basemap versions available,Pre / visual,Basemap-dependent,None,No source camera exposed,Wayback web layers,Public historical basemap viewer,Public access reviewed,Context only,Low-medium,Visual verification only,No camera model and basemap licence,Public viewing / optional ArcGIS account,No for Wayback viewer; yes for some ArcGIS services,ArcGIS account/API key if programmatic quota or premium access is needed,Email/organisation controls,Public Wayback use under Esri terms,Basemap terms; no camera-model/raw-image entitlement,None for viewer; ArcGIS token/API key for controlled services,Web map/tile services,No account created,Public Wayback viewer,Use for visual dates only,https://livingatlas.arcgis.com/wayback/,,,High,2026-08-30,
SAR-01,P1,SAR / InSAR — open,NASA/ISRO / ASF,NISAR L-band SLC/RSLC/GSLC/GCOV,Post-event acquisitions exist in mission inventory; exact coherent pre/post pair not validated,Both / post,Product/mode dependent,"Repeat-pass InSAR, offsets, coherence or radargrammetry",Precise orbits and complex SLC required,Same track/frame/mode/polarization pre/post SLCs,NISAR science data and Urgent Response products are public,Official ASF/NISAR access docs researched,No Nepal product downloaded,High for independent change; uncertain height,Priority SAR feasibility query,"Earthdata activation, coherent pairing, layover/shadow and flood decorrelation",Free Earthdata-gated,Yes — NASA Earthdata Login,"Username, password, name, email, country, affiliation, study area and user type",Email verification plus reCAPTCHA; optional MFA,Public once account is activated; some collections add EULAs,NASA/DAAC terms; no imagery fee,"Earthdata OAuth/URS session, .netrc, earthaccess or temporary S3 credentials","HTTPS, Earthdata Cloud S3, Earthdata Search or ASF Vertex",Earthdata registration blocked by reCAPTCHA,HTTP 401 until activation,"After EDL activation, query exact track/frame SLC and coherence candidates",https://nisar-docs.asf.alaska.edu/,https://search.asf.alaska.edu/,https://nisar-docs.asf.alaska.edu/earthaccess/,High,2026-08-30,
SAR-02,P2,SAR / InSAR — Bhoonidhi,ISRO,NISAR S-band,S-band data available through Bhoonidhi; exact pair not validated,Both / post,Product dependent,InSAR/change detection,Complex products/orbits needed,Matching SLC products,Bhoonidhi hosts NISAR S-band beta/science products,Official NISAR access docs and Bhoonidhi researched,No data acquired,Medium-high,Complementary SAR route,Bhoonidhi registration plus exact coherent pair,Free registration plus paid sub-5 m NGE products,Yes for download/order; browse may be public,"Name, user ID/password, country, user type, organisation, postal address, state/city/postcode, mobile, email",CAPTCHA; verifiable email/mobile; account activation delay may apply,GE declaration for free sub-5 m; NGE users can order priced sub-5 m data,Bhoonidhi EULA; >=5 m open after registration; <5 m priced for NGE,User ID/password exchanged for JWT access/refresh tokens,HTTPS/API/FTP/SFTP/cart order,Deferred,None,Query catalogue after registration details are available,https://nisar-docs.asf.alaska.edu/access-overview/,https://bhoonidhi.nrsc.gov.in/bhoonidhi/home.html,,High,2026-08-30,
SAR-03,P1,SAR / InSAR — open,ESA / Copernicus,Sentinel-1 SLC,Post-event products/damage proxy exist; exact coherent SLC pair not validated,Both,~5×20 m acquisition; effective products vary,Repeat-pass InSAR/coherence/amplitude offsets,"Same relative orbit, mode, polarization and precise orbit required",Pre/post IW SLC pair and orbit files,Open archive and processed damage-proxy products,Catalogue/context sources researched,Context only,High for extent/coherence; low building-scale height,Run exact SLC pairing audit,"Steep terrain, decorrelation, resolution and pair availability",Open catalogue / free account for downloads,Catalogue no; Browser/download/API token yes,"Email, password, name/country and acceptance of CDSE terms",Email verification; optional 2FA,Public Sentinel/Copernicus collections,Free under collection terms,OIDC/OAuth access token; S3 credentials for object access,"Browser, OData, STAC, S3, Sentinel Hub or openEO",No CDSE download account created,Public catalogue,Automate same-track SLC search and baseline/coherence prediction,https://documentation.dataspace.copernicus.eu/Data/SentinelMissions/Sentinel1.html,https://dataspace.copernicus.eu/,,High,2026-08-30,
SAR-04,P2,SAR / change — government,ISRO / Sentinel Asia,EOS-04 SAR HH/HV,Exact post-event 26 Aug 11:39:06 acquisition confirmed,Post,Mode dependent,Amplitude/polarimetric change; not stereo from HH/HV alone,HH/HV are polarizations of one look,Post image plus compatible pre SLC for InSAR,Sentinel Asia product links,Exact inventory verified,Metadata only,Medium for change extent,Not a standalone height source,No second coherent geometry/epoch confirmed,Institution/member gated,Public products no; requester WebGIS yes,Membership or access through the emergency observation requester/ADRC/JAXA partner,Requester-specific credentials sent after activation,Sentinel Asia member or authorised emergency-response role,Activation terms; generally no fee for approved response use,Restricted WebGIS login where required,Public value-added downloads or requester-only WebGIS,No requester credentials,Public value-added links only,Inspect package/product level; search Bhoonidhi for same-track pre SLC,https://sentinel-asia.org/EO/2026/article20260826NP.html,,,High,2026-08-30,
SAR-05,P2,SAR / InSAR — research,JAXA / ASF,ALOS-2 PALSAR-2,Pre-event 30 Jan 2026 products confirmed by Sentinel Asia; post compatible scene unconfirmed,Pre,Mode dependent,L-band InSAR/coherence,Same path/frame and SLC needed,Pre/post Level 1.1 SLC pair,Three pre-event scene records,Sentinel Asia exact records and JAXA access docs researched,Metadata only,Medium-high if post pair exists,Search post-event same-track archive,Post SLC access and temporal/baseline compatibility,JAXA account / catalogue; product access varies,Yes for ordering/download,JAXA G-Portal user registration and terms acceptance,Email/account verification,Dataset-specific; ALOS PRISM is catalogue-only in G-Portal and may require separate order route,Mission/product licence; fees or research restrictions may apply,G-Portal account/session or API credentials where offered,Portal/order/download,No JAXA account,None,Query JAXA/ASF for matching post track/frame,https://sentinel-asia.org/EO/2026/article20260826NP.html,https://gportal.jaxa.jp/,,High,2026-08-30,
SAR-06,P1,SAR / bistatic InSAR — research/commercial,DLR / Airbus,TanDEM-X CoSSC bistatic pair,No exact event acquisition confirmed,Post or reference,~3–12 m product dependent,Single-pass bistatic InSAR DEM,Best SAR option against temporal decorrelation,Archived or newly tasked CoSSC bistatic acquisition,Scientific proposal route supports archived/new bistatic pairs,DLR proposal and EOWEB requirements researched,No data acquired,Very high if available,Best SAR height route,Proposal/fee/approval and acquisition availability,Scientific proposal / quota / possible service fee,Yes — DLR investigator plus later EOWEB account,"Username/password, email, full contact/address, PI/team and detailed research proposal/data requirements",Email verification; proposal evaluation can take weeks,"Approved scientific proposal, signed licence, scanned photo ID and assigned quota",Scientific licence; service fee may apply; Airbus commercial route is separate,DLR Science Service/EOWEB credentials,EOWEB/secure DLR download,No DLR investigator account,None,Submit scientific proposal for Nepal archive/new bistatic coverage,https://tandemx-science.dlr.de/cgi-bin/wcm.pl?page=TDM-Proposal-Submission-Procedure-CoSSC,https://tandemx-science.dlr.de/,,High,2026-08-30,
SAR-07,P2,SAR / InSAR — research/commercial,DLR / Airbus,TerraSAR-X,No exact event scene confirmed,Pre or post,Up to ~1 m spotlight,"Repeat-pass InSAR, offsets or radargrammetry",SSC/SLC and precise orbits needed,Compatible pre/post SSC products,Science proposal and commercial routes,DLR Science Service/EOWEB researched,No data acquired,High if archive pair exists,Paid/proposal archive search,"Proposal/contract, pair geometry and Nepal coverage",Scientific proposal / quota / possible service fee,Yes — DLR investigator plus later EOWEB account,"Username/password, email, full contact/address, PI/team and detailed research proposal/data requirements",Email verification; proposal evaluation can take weeks,"Approved scientific proposal, signed licence, scanned photo ID and assigned quota",Scientific licence; service fee may apply; Airbus commercial route is separate,DLR Science Service/EOWEB credentials,EOWEB/secure DLR download,No account,None,Search EOWEB metadata or ask DLR science coordinator,https://www.sss.terrasar-x.dlr.de/,https://eoweb.dlr.de/,,High,2026-08-30,
SAR-08,P2,SAR / InSAR — institution/commercial,ASI / e-GEOS,COSMO-SkyMed first/second generation,No exact event pair confirmed,Pre or post,Sub-metre to metres,X-band InSAR/stereo/change,Complex products and compatible orbit needed,SLC pair or interferometric stack,Institutional portal and commercial route,Official ASI access page researched,No data acquired,High if pair exists,Institutional/commercial archive target,Eligibility/contract and exact coverage,Institutional/science proposal or commercial e-GEOS,Yes,Institution/user details and project purpose; commercial users contact e-GEOS,Portal registration and approval,ASI institutional/science eligibility or commercial contract,"Mission licence; science call may be free, commercial access quoted",Portal credentials; API depends on agreement,ASI portal or e-GEOS commercial delivery,No account,None,Institutional science application or e-GEOS archive quote,https://www.asi.it/en/earth-science/cosmo-skymed/,,,High,2026-08-30,
SAR-09,P2,SAR / InSAR — government portal,Canadian Space Agency,RADARSAT Constellation Mission,Archive coverage not queried,Pre or post,Public international land typically 16 m or coarser; finer for vetted users,C-band InSAR/coherence/change,SLC/complex product access required,Matching complex pre/post products,Public and vetted EODMS routes,Official CSA access policy researched,No data acquired,Medium,Public search first; vetted request only if exact pair exists,Finer data security vetting and pair availability,Free government portal account,Yes — EODMS public user,User account/contact details and acceptance of Government of Canada terms,Account verification/login,Public subset only,No charge; product-specific Government of Canada licence,EODMS portal/OpenSearch credentials as required,EODMS download or public cloud for selected holdings,No EODMS account,None,Create public EODMS account and search Nepal inventory,https://www.asc-csa.gc.ca/eng/satellites/radarsat/access-to-data/about.asp,https://www.eodms-sgdot.nrcan-rncan.gc.ca/,,High,2026-08-30,
SAR-10,P3,SAR / InSAR — vetted,Canadian Space Agency,RCM fine-resolution vetted holdings,Unknown until public catalogue is searched,Pre or post,5 m / 3 m class for vetted access where approved,InSAR/coherence,Complex product entitlement needed,Fine-resolution complex products,International entities can apply for vetted status,Official vetting policy researched,No data acquired,Medium-high if public search finds pair,Do not begin ~100-day vetting without exact lead,"Security screening, organisational legal signatory and timeline",Security-vetted institutional account,Yes — EODMS then vetted-user application,"Organisation point of contact, legal representative, project/use and application package",CSA/Global Affairs Canada security screening; approval timeline uncertain,Canadian or international organisation accepted as vetted user,No image fee for RCM archive; vetted EULA and handling obligations,Vetted EODMS credentials,EODMS secure download,No account,None,Search public catalogue first; apply only against named scenes,https://www.asc-csa.gc.ca/eng/satellites/radarsat/access-to-data/about.asp,,,High,2026-08-30,
SAR-11,P3,SAR / InSAR — commercial,MDA Space,RADARSAT-2,Archive coverage not queried,Pre or post,Mode dependent; fine products commercial,C-band InSAR/coherence,SLC pair and orbits required,Compatible complex pair,Public catalogue explorer; no open imagery,Official catalogue/access policy researched,No data acquired,Medium,Commercial archive lead,Purchase/licence and pair availability,Commercial quote / sales provisioned,Usually yes after sales approval,"Organisation, contact, work email, AOI, date range, use case and product specification",Provider onboarding; login/MFA varies,"Commercial availability, export controls and feasibility review","Quote, order agreement, licence and payment",API token/client credentials if contracted; otherwise portal/email order,"Portal, API, FTP/SFTP, cloud bucket or custom delivery",Not created / not required,Unknown or not applicable,Search public catalogue then request quote only for exact pair,https://gsiportal.mda.space/Guide,https://gsiportal.mda.space/Explore,,High,2026-08-30,
SAR-12,P3,Historical SAR — open,CSA / NRCan,RADARSAT-1,Archive coverage not queried,Historical pre,Mode dependent,Historical SAR/InSAR if compatible pairs exist,SLC archive planned/available by product,Overlapping historical SLC pair,Archive released under Open Government Licence,Official 2026 access update researched,No data acquired,Low-medium historical,Long-term archive context,Old epoch and exact complex-pair availability,Open / no authentication,No,None,None,Public,Dataset licence/attribution still applies; no account or purchase,Unsigned HTTPS/S3/STAC where offered,"Direct HTTPS, public S3, STAC or portal download",Not created / not required,Unknown or not applicable,Low-priority EODMS/AWS search,https://www.asc-csa.gc.ca/eng/satellites/radarsat1/data-access.asp,,,High,2026-08-30,
SAR-13,P2,Commercial SAR,ICEYE,ICEYE SLC/GRD/Dwell products,Commercial archive not queried,Pre or post,Sub-metre to metres,"SLC InSAR, amplitude/coherence, offsets",SLC plus orbit metadata; repeat geometry required,Exact SLC pair or tasking,"60,000+ image catalogue and automated purchase/tasking API",Official product/API/authentication docs researched,No data acquired,High if same-geometry pair exists,Strong paywall-gated SAR archive,Contract required; no developer sandbox,Commercial contract + OAuth2,Yes — ICEYE contract with ICAS enabled,"Company/sales enquiry, AOI/use case, contract and delivery configuration",Provider provisioning; no public developer sandbox,Signed ICEYE contract and contract ID,Commercial pricing per task/archive frame and contract,"OAuth2 client credentials: TOKEN_URL, CLIENT_ID, CLIENT_SECRET; one-hour bearer token",ICAS Delivery API to configured S3/SFTP locations,No contract/account,None,Ask ICEYE sales for Nepal SLC archive search before contracting,https://www.iceye.com/sar-data/api,https://docs.iceye.com/constellation/api/,https://docs.iceye.com/constellation/api/1.0/getting-started/sign-up/,High,2026-08-30,
SAR-14,P3,Open SAR samples,ICEYE,ICEYE Open Data,No Nepal event scene confirmed in open sample catalogue,Methods/test,Varies,SLC/GRD method development,Some open SLC products,Public sample,Unsigned public S3 STAC; CC BY 4.0,Official open-data docs researched,No Nepal data,Medium for pipeline testing; none direct,Software fixture source,Likely no Nepal event coverage,Open / no authentication,No,None,None,Public,Dataset licence/attribution still applies; no account or purchase,Unsigned HTTPS/S3/STAC where offered,"Direct HTTPS, public S3, STAC or portal download",Not created / not required,Unknown or not applicable,Use only for SAR pipeline test if needed,https://sar.iceye.com/6.0.6/opendata/opendata/,,,High,2026-08-30,
SAR-15,P2,Commercial SAR,Capella Space,Capella SLC / Geo / SICD / CPHD,Archive not queried,Pre or post,Sub-metre to metres,SLC InSAR/radargrammetry; CPHD advanced processing,Complex/orbit products available by product,Compatible SLC pair or tasking,Console/API and open sample datasets,Official product guide identified,No data acquired,High if pair exists,Strong commercial SAR lead,Commercial onboarding and exact archive coverage,Commercial SAR platform / contract,Yes after sales/platform onboarding,"Organisation, contact, AOI, acquisition mode, product level, date and use case",Provider-specific onboarding/MFA,"Archive availability/tasking feasibility, export controls and contract",Commercial quote/order and SAR imagery EULA,API token/OAuth or portal credentials if enabled,Portal/API/S3/SFTP/HTTPS,Not created / not required,Unknown or not applicable,Request Nepal archive footprint/geometry search from Capella,https://support.capellaspace.com/hubfs/CE%20Team/Capella_Product%20Guide%20Brochure_June2025.pdf,https://www.capellaspace.com/contact/,,Medium-high,2026-08-30,
SAR-16,P2,Open/commercial SAR,Umbra,Umbra high-resolution SAR SLC/open data,Open/commercial archive not queried,Pre or post,Sub-metre variants,SLC InSAR/advanced SAR,Complex products in open/commercial offerings,Matching SLC pair,Open Data programme plus commercial tasking,Provider route identified,No data acquired,High if pair exists,Search open archive then contact commercial team,Exact Nepal coverage/pair and commercial access,Commercial SAR platform / contract,Yes after sales/platform onboarding,"Organisation, contact, AOI, acquisition mode, product level, date and use case",Provider-specific onboarding/MFA,"Archive availability/tasking feasibility, export controls and contract",Commercial quote/order and SAR imagery EULA,API token/OAuth or portal credentials if enabled,Portal/API/S3/SFTP/HTTPS,Not created / not required,Unknown or not applicable,Query Umbra Open Data STAC/AWS for Nepal before sales outreach,https://umbra.space/open-data/,https://umbra.space/contact/,,Medium,2026-08-30,
SAR-17,P2,Commercial SAR,Synspective,StriX SLC/CPHD/GRD,Archive not queried,Pre or post,~0.25–1 m modes,SLC InSAR or CPHD processing,SLC CEOS/SICD and platform/attitude metadata documented,Compatible pair or tasking,Archive/tasking/download platform and API service,Official platform/product/format docs researched,No data acquired,High if pair exists,Commercial SAR archive lead,Platform account/order and exact coverage,Commercial SAR platform / contract,Yes after sales/platform onboarding,"Organisation, contact, AOI, acquisition mode, product level, date and use case",Provider-specific onboarding/MFA,"Archive availability/tasking feasibility, export controls and contract",Commercial quote/order and SAR imagery EULA,API token/OAuth or portal credentials if enabled,Portal/API/S3/SFTP/HTTPS,Not created / not required,Unknown or not applicable,Request platform trial/metadata-only Nepal search,https://www.synspective.com/data/synspective-sar-data/,https://www.synspective.com/data/data-platform/,https://synspective.com/wp-content/uploads/2025/04/Synspective_Data_Platform_User_Guide_Archive_Service_EN_1.0.pdf,High,2026-08-30,
SAR-18,P3,SAR / InSAR — institutional,ASI / CONAE,SAOCOM-1,Zone-of-exclusivity/global archive coverage not queried,Pre or post,Mode dependent,L-band InSAR/coherence,SLC pair required,Matching SLC products,ASI registration route for non-commercial scientific/institutional use,Official ASI access terms researched,No data acquired,Medium,Research access lead,Registration package/licence and exact Nepal rights/coverage,Institutional/science proposal or commercial e-GEOS,Yes,Institution/user details and project purpose; commercial users contact e-GEOS,Portal registration and approval,ASI institutional/science eligibility or commercial contract,"Mission licence; science call may be free, commercial access quoted",Portal credentials; API depends on agreement,ASI portal or e-GEOS commercial delivery,Not created / not required,Unknown or not applicable,Check catalogue before completing membership forms,https://www.asi.it/en/earth-science/saocom/,,,High,2026-08-30,
SAR-19,P3,Commercial SAR,SI Imaging Services,KOMPSAT-5,Archive not queried,Pre or post,~0.85–20 m,X-band InSAR DEM / coherence,SLC/pair availability required,Compatible complex pair,"10+ year archive, order platform and InSAR DEM manual",Official SIIS product/order docs researched,No data acquired,Medium-high,Paid archive-search lead,Account/purchase and exact pair,Commercial quote / sales provisioned,Usually yes after sales approval,"Organisation, contact, work email, AOI, date range, use case and product specification",Provider onboarding; login/MFA varies,"Commercial availability, export controls and feasibility review","Quote, order agreement, licence and payment",API token/client credentials if contracted; otherwise portal/email order,"Portal, API, FTP/SFTP, cloud bucket or custom delivery",Not created / not required,Unknown or not applicable,Request SpaceEye account and metadata search,https://www.si-imaging.com/page/33,https://www.si-imaging.com/page/34,,High,2026-08-30,
SAR-20,P3,SAR / InSAR — research,INTA / Hisdesat,PAZ,No exact coverage confirmed,Pre or post,X-band metre class,InSAR with TSX/TDX/PAZ combinations,SLC and coordinated geometry needed,PAZ science products or joint call allocation,Joint DLR/INTA science calls,Joint call documentation researched,No data acquired,Medium,Research proposal lead,Separate INTA proposal/EULA and acquisition site availability,Scientific proposal / quota / possible service fee,Yes — DLR investigator plus later EOWEB account,"Username/password, email, full contact/address, PI/team and detailed research proposal/data requirements",Email verification; proposal evaluation can take weeks,"Approved scientific proposal, signed licence, scanned photo ID and assigned quota",Scientific licence; service fee may apply; Airbus commercial route is separate,DLR Science Service/EOWEB credentials,EOWEB/secure DLR download,Not created / not required,Unknown or not applicable,Only pursue through a relevant open/joint call,https://www.inta.es/paz-ciencia/en/,,,Medium,2026-08-30,
DEM-01,P0,Existing DEM — research gated,NASA / NSIDC,High Mountain Asia 8 m DEM mosaic,"Exact tiles 642, 643, 675, 676 identified",Pre baseline,8 m,Existing stereo-derived DEM,Already-derived DEM; no cameras needed for use,Four protected GeoTIFF granules,CMR metadata and protected URLs pinned,Exact granules queried; downloader implemented; auth tested,Metadata only; download HTTP 401,Very high as better pre baseline,Highest-priority accessible-baseline handoff,Earthdata invisible reCAPTCHA/account activation,Free Earthdata-gated,Yes — NASA Earthdata Login,"Username, password, name, email, country, affiliation, study area and user type",Email verification plus reCAPTCHA; optional MFA,Public once account is activated; some collections add EULAs,NASA/DAAC terms; no imagery fee,"Earthdata OAuth/URS session, .netrc, earthaccess or temporary S3 credentials","HTTPS, Earthdata Cloud S3, Earthdata Search or ASF Vertex",Registration submitted but not activated,Protected request returns 401,Complete Earthdata activation then run existing resumable downloader,https://nsidc.org/data/data-access-tool/HMA_DEM8m_AT/versions/1,https://search.earthdata.nasa.gov/,,High,2026-08-30,
DEM-02,P1,Existing DEM — open,Copernicus / AWS,Copernicus DEM GLO-30,N28E085 tile obtained and used,Pre/context,30 m,Existing global DSM,Not applicable,Public COG tile,Open global DEM,"Downloaded, cropped and validated",Current coarse absolute-height context,Medium context; low building scale,Keep as broad baseline only,30 m resolution and epoch/source mixture,Open / no authentication,No,None,None,Public,Dataset licence/attribution still applies; no account or purchase,Unsigned HTTPS/S3/STAC where offered,"Direct HTTPS, public S3, STAC or portal download",No account required,Full public access,Retain; compare against HMA/AW3D/FABDEM,https://registry.opendata.aws/copernicus-dem/,,,High,2026-08-30,
DEM-03,P2,Existing DEM — free account,JAXA,ALOS World 3D 30 m AW3D30,Global Nepal tile available,Pre/context,30 m,Existing PRISM-derived DSM,Not applicable,N28E085-equivalent tile,Free global DSM,Official product and registration requirements researched,Not yet downloaded,Medium as independent baseline,Easy baseline cross-check,Free JAXA registration,Free JAXA registration,Yes,"Name, affiliation, nationality, email, usage category/purpose and terms acceptance",Email activation; JAXA emails ID/password,Public under AW3D30 terms,No charge; attribution/terms apply,Website ID/password,JAXA tile download,No account,None,Register and compare vertical datum/terrain against GLO-30/HMA,https://www.eorc.jaxa.jp/ALOS/en/dataset/aw3d30/index.htm,https://www.eorc.jaxa.jp/ALOS/en/aw3d30/data/index.htm,https://www.eorc.jaxa.jp/ALOS/en/aw3d30/registration.htm,High,2026-08-30,
DEM-04,P2,Existing DEM — open,NASA,NASADEM / SRTM,Global Nepal coverage,Pre/context,30 m,Existing radar DEM,Not applicable,AOI tile,Open global baseline via Earthdata/OpenTopography,Elevation source evaluated conceptually; no dedicated product retained,Point/context comparison only,Low-medium,Independent coarse baseline,30 m and 2000-era epoch,Free Earthdata-gated,Yes — NASA Earthdata Login,"Username, password, name, email, country, affiliation, study area and user type",Email verification plus reCAPTCHA; optional MFA,Public once account is activated; some collections add EULAs,NASA/DAAC terms; no imagery fee,"Earthdata OAuth/URS session, .netrc, earthaccess or temporary S3 credentials","HTTPS, Earthdata Cloud S3, Earthdata Search or ASF Vertex",Earthdata blocked,Alternative OpenTopography requires API key,Use OpenTopography API if a third coarse baseline is needed,https://www.earthdata.nasa.gov/data/catalog/lpcloud-nasadem-hgt-001,https://opentopography.org/developers,,High,2026-08-30,
DEM-05,P3,Existing DEM — open,University of Bristol / Fathom,FABDEM,Global Nepal tile available,Pre/context,30 m,Copernicus DEM with forest/building bias reduced,Not applicable,N20E080–N30E090 archive subset,Open research dataset,Official repository/licence researched,No data acquired,Medium for ground-like coarse baseline,Useful sensitivity baseline,Non-commercial share-alike licence and 30 m resolution,Open / no authentication,No,None,None,Public,Dataset licence/attribution still applies; no account or purchase,Unsigned HTTPS/S3/STAC where offered,"Direct HTTPS, public S3, STAC or portal download",Not created / not required,Unknown or not applicable,Download Nepal block and compare stable terrain,https://data.bris.ac.uk/data/dataset/25wfy0f9ukoge2gs7a5mqpq2j7,,,High,2026-08-30,
DEM-06,P3,Existing DEM — open,DLR,TanDEM-X 90 m DEM,Global Nepal coverage,Pre/context,90 m,Existing bistatic SAR DEM,Not applicable,Global tile,Free after DLR self-registration,Official DLR access guide researched,No data acquired,Low due resolution,Datum/context cross-check only,90 m too coarse; self-registration,Free self-service account,Yes,"Name, working email, password, country/affiliation or intended use as requested",Email verification; MFA only if enabled or requested,Ordinary individual registration,Accept standard terms; normally no payment,"Portal session, API key or bearer token depending on service",HTTPS/API/cloud download,Not created / not required,Unknown or not applicable,No immediate action,https://c.geoservice.dlr.de/web/dataguide/tdm90/,,,High,2026-08-30,
DEM-07,P2,Existing DEM — free registration,DLR,TanDEM-X 30 m Edited DEM / DEM Change Maps,Global products reportedly available; exact Nepal tile not downloaded,Pre/change context,30 m,Existing bistatic SAR DEM/change product,Not applicable,Nepal tile,Free scientific-community products after registration,Official DLR announcement researched,No data acquired,Medium,Independent radar baseline/change context,Registration and 30 m detail,Free self-service account,Yes,"Name, working email, password, country/affiliation or intended use as requested",Email verification; MFA only if enabled or requested,Ordinary individual registration,Accept standard terms; normally no payment,"Portal session, API key or bearer token depending on service",HTTPS/API/cloud download,Not created / not required,Unknown or not applicable,Register/download if datum comparison is useful,https://tandemx-science.dlr.de/cgi-bin/wcm.pl,,,High,2026-08-30,
DEM-08,P2,Existing DEM — commercial,NTT DATA / AW3D,AW3D Standard 5 m DSM/DTM,Commercial global coverage; exact Nepal availability/epoch requires quote,Pre baseline,5 m; 2.5 m DTM options,Existing commercial stereo-derived DEM,Not applicable,AOI DSM/DTM with metadata/epoch,Commercial specification; minimum order ~100 km² DSM,Official product specification researched,No data acquired,Very high if recent enough,Strong paid pre-baseline option,"Quote, epoch transparency, cost and licence",Commercial quote / sales provisioned,Usually yes after sales approval,"Organisation, contact, work email, AOI, date range, use case and product specification",Provider onboarding; login/MFA varies,"Commercial availability, export controls and feasibility review","Quote, order agreement, licence and payment",API token/client credentials if contracted; otherwise portal/email order,"Portal, API, FTP/SFTP, cloud bucket or custom delivery",Not created / not required,Unknown or not applicable,Request sample/quote including source epochs and vertical datum,https://www.aw3d.jp/en/wp-content/uploads/sites/2/2022/06/AW3D-Standard.pdf,https://www.aw3d.jp/en/contact/,,High,2026-08-30,
DEM-09,P2,DEM aggregation service,OpenTopography,COP30/NASADEM/AW3D30/SRTM AOI API,All global baseline APIs cover AOI,Pre/context,30 m products,Existing DEM subset service,Not applicable,AOI API result,Multiple baseline datasets behind one API,Official API/auth/rate docs researched,No key created,Medium,Convenient baseline automation,Free API key/rate limits; no resolution improvement,Free API key / paid higher quota,Yes for global DEM API,MyOpenTopo account; academic/non-academic classification,Email/account verification,Public; rate limits depend on user type,Free key with limits; Plus/Enterprise for higher or commercial integration,API_Key query parameter; key must not be shared/embedded publicly,REST AOI subset in GeoTIFF/other formats,No account/API key,None,Create key only if automating multi-DEM sensitivity,https://opentopography.org/developers,,,High,2026-08-30,
DEM-10,P1,National elevation data — institution,Nepal Department of Survey,National topographic data / possible DHM/DEM,Rasuwa national holdings not publicly enumerated,Pre baseline,Potentially better than global; unknown,Existing national survey elevation,Not applicable,"AOI DEM/DHM, contours, control points and datum documentation",Department contacts and digital topographic-data programme,Official Department/office contacts researched,No data acquired,Potentially very high,Priority institutional outreach,No self-service inventory; formal request/licence/fee unknown,National-government request / possible fee,No confirmed self-service imagery portal,"Formal request identifying organisation, project, AOI, resolution, intended use and responsible contact",Department correspondence/approval,Department of Survey/DHM/NDRRMA discretion and national data policy,"Possible data fee, MoU, letter or restricted-use licence",None confirmed; institutional transfer,"Official request, media/secure transfer or partner portal",No request sent,None,Send formal request to topo/geo-information divisions via DHM/NDRRMA partner,https://dos.gov.np/,https://dos.gov.np/office/giid/,,Medium,2026-08-30,
DEM-11,P1,Regional elevation/data — institution/open,ICIMOD,Mountain GeoPortal / regional DEM and hazard services,Regional Nepal services exist; exact high-resolution pre-event DEM not confirmed,Pre/context,Dataset dependent,Existing DEM/hazard layers,Not applicable,Rasuwa DEM/source metadata or partner-held data,Open THREDDS/WCS services plus partner holdings,Official ICIMOD service endpoint identified,No DEM acquired,Potentially high,Priority regional-partner outreach,Inventory/terms and exact dataset unknown,Open regional services plus request-gated holdings,Varies by dataset/service,Email/profile or project request when a dataset is restricted,Email/partner approval as applicable,Public services or ICIMOD partner/research approval,Dataset-specific terms; usually research/public-good use,Public THREDDS/WCS for open services; credentials for restricted holdings,HTTP/WCS/THREDDS/partner transfer,No account/request,Open services only,Contact ICIMOD geospatial team with AOI and required epoch/resolution,https://www.icimod.org/,https://threddsdataserver.icimod.org/thredds/catalog.html,,Medium,2026-08-30,
INS-01,P0,Disaster-response programme,International Charter,Activation 1052 source and value-added products,Eight products; Airbus/Vantor/GeoEye/Satellogic/ISRO leads,Both/context,Sensor dependent,Potential access path to source camera-bearing products,Public products do not expose cameras,Activation source packages and metadata,Public processed maps and restricted operational imagery,Activation page and products reviewed,Candidate inventory and processed evidence,Very high as access route,Best institution-gated aggregation route,Authorised-user/partner status and source-licence controls,Institution/authorised-responder gated,No individual self-service route,"Access through authorised national disaster authority, Charter project manager or approved value-adding partner",Credentials issued to authorised organisations/users,Activation-specific operational role and licence,Normally no charge for activation response; strict use/redistribution controls,Restricted Charter/partner portal credentials,Restricted portal/FTP/partner transfer; processed public products may be open,No individual route,Public products only,Ask DHM/NDRRMA/Charter PM for exact source package metadata and approved transfer,https://download.disasterscharter.org/activations/flood-in-nepal-activation-1052-,,,High,2026-08-30,
INS-02,P1,Disaster-response programme,Sentinel Asia,Nepal activation requester WebGIS and contributed imagery,"Cartosat-1, ALOS-2, EOS-04 and public products confirmed",Both/context,Sensor dependent,Access route / historical stereo / SAR,Depends on source package,Requester-only source products where licensed,Public products plus restricted requester WebGIS,Activation page reviewed,Exact Cartosat-1 and SAR inventory,High,Strong partner access route,Membership/requester credentials,Institution/member gated,Public products no; requester WebGIS yes,Membership or access through the emergency observation requester/ADRC/JAXA partner,Requester-specific credentials sent after activation,Sentinel Asia member or authorised emergency-response role,Activation terms; generally no fee for approved response use,Restricted WebGIS login where required,Public value-added downloads or requester-only WebGIS,No member/requester status,Public links only,Coordinate through DHM requester or a Sentinel Asia member,https://sentinel-asia.org/EO/2026/article20260826NP.html,,,High,2026-08-30,
INS-03,P1,Disaster mapping / institution,Copernicus EMS,EMSR927 Rapid Mapping VHR orthos and grading,WV3/Legion/BlackSky/Satellogic processed orthos and damage products,Post/context,VHR processed,Processed mapping context; source cameras not delivered publicly,No original cameras in public CEMS products,Source imagery only through eligible programme rights,Public maps/vectors/COG orthos; raw licences restricted,Activation internals and products researched,Affected-area/building/road context,High context; access lead,Use public products; pursue source only through eligible partner,Copernicus source-imagery rights,Institution/eligibility-gated Copernicus CCM,Yes — CDSE account plus CCM category,"CDSE registration using eligible organisation email; organisation, sector, project and user-category details",Email verification; application decision generally by email,Eligible Copernicus Service/Union research/institution category; product-level download rights,"ESA CCM User Licence; normally programme-funded for eligible use, not general commercial access",CDSE OAuth/OIDC plus CCM entitlements,Browser/OData/S3/Sentinel Hub for entitled products,No CDSE CCM category,Public CEMS outputs,Ask an eligible Copernicus service/authority about source-product access,https://emergency.copernicus.eu/mapping/list-of-components/EMSR927,https://dataspace.copernicus.eu/,,High,2026-08-30,
INS-04,P2,Institutional commercial archive,Copernicus Data Space,Copernicus Contributing Missions VHR/SAR/DEM,"CCM catalogue includes WV, GeoEye, Pléiades/Neo, SPOT, KOMPSAT, SuperView, TripleSat, TerraSAR-X, RADARSAT-2 and DEM products; event rights unverified",Both,Mission dependent,Potential source/DEM access,Product dependent,Entitled native product with camera/complex data,Official searchable CCM catalogue with product-level rights,Official CCM inventory/access rules researched,No restricted product acquired,High as cross-provider catalogue,Eligibility-gated archive search,Organisation/user category and product-level download entitlement,Institution/eligibility-gated Copernicus CCM,Yes — CDSE account plus CCM category,"CDSE registration using eligible organisation email; organisation, sector, project and user-category details",Email verification; application decision generally by email,Eligible Copernicus Service/Union research/institution category; product-level download rights,"ESA CCM User Licence; normally programme-funded for eligible use, not general commercial access",CDSE OAuth/OIDC plus CCM entitlements,Browser/OData/S3/Sentinel Hub for entitled products,No CDSE/CCM account,Public Sentinel catalogue only,Determine eligible partner category before applying,https://documentation.dataspace.copernicus.eu/Data/Others/CCM.html,,https://documentation.dataspace.copernicus.eu/FAQ.html,High,2026-08-30,
INS-05,P2,Humanitarian mapping,UNITAR-UNOSAT / HDX / HOT,"Flood/landslide extents, damage assessment and buildings",Exact event products used,Context,Vector/product dependent,No DSM camera source,Not applicable,Public GeoJSON/maps,Damage/affected-area/building layers,Products downloaded/used,Authoritative AOI masks and building overlays,High context,Continue as validation/context,Raw commercial source imagery remains separately licensed,Open / no authentication,No,None,None,Public,Dataset licence/attribution still applies; no account or purchase,Unsigned HTTPS/S3/STAC where offered,"Direct HTTPS, public S3, STAC or portal download",No account required,Public products,Retain provenance and monitor updates,https://www.unitar.org/maps,https://data.humdata.org/,,High,2026-08-30,
INS-06,P2,ESA research access,ESA Earth Online,Third Party Missions / commercial mission research data,No proposal submitted; missions may include relevant optical/SAR archives,Pre or post,Mission dependent,Stereo/InSAR depending on mission,Product dependent,Named mission/product in accepted proposal,ESA proposal/data-access mechanisms,Access route identified,No data acquired,Medium-high,Proposal route after exact catalogue lead,"EO Sign In, proposal eligibility, quota and mission terms",Scientific proposal / quota / possible service fee,Yes — DLR investigator plus later EOWEB account,"Username/password, email, full contact/address, PI/team and detailed research proposal/data requirements",Email verification; proposal evaluation can take weeks,"Approved scientific proposal, signed licence, scanned photo ID and assigned quota",Scientific licence; service fee may apply; Airbus commercial route is separate,DLR Science Service/EOWEB credentials,EOWEB/secure DLR download,No proposal/account,None,Do not submit generic request; identify exact scene first,https://earth.esa.int/eogateway/missions/third-party-missions,https://earth.esa.int/eogateway/catalog,,Medium,2026-08-30,
INS-07,P2,US archive portal,USGS EarthExplorer,"ASTER, Landsat, declassified stereo and DEM catalogue",Global AOI searchable; exact historical scenes not yet queried,Pre/context,Dataset dependent,Historical optical stereo/existing DEM,Dataset dependent,ASTER/Declass/DEM products,Unified search/order portal,Official portal documentation researched,No Nepal download,Medium,Efficient multi-collection historical search,Account and cloud/epoch screening,Free USGS account,Yes for EarthExplorer downloads/orders,"USGS EROS user registration, email and profile details",Email/account verification,Public collections; some on-demand products have processing limits,Generally no charge; collection-specific terms,EROS/EarthExplorer credentials or machine-to-machine token where applicable,EarthExplorer HTTPS/bulk download/on-demand order,No account,None,Create account and run one AOI query across ASTER/Declass,https://www.usgs.gov/tools/earthexplorer,https://earthexplorer.usgs.gov/,,High,2026-08-30,
